Comment,Designator,Footprint,LCSC Part #
JUSHUO GH125-S14CCA-00,J1,JST_GH_BM14B_UNIVERSAL_1x14-1MP_P1.25mm_Vertical,C2886792
JUSHUO GH125-S15CCA-00,J2,JST_GH_BM15B_UNIVERSAL_1x15-1MP_P1.25mm_Vertical,C2886793
33k 0805 1%,R1,R_0805_2012Metric,C17633
33k 0805 1%,R2,R_0805_2012Metric,C17633
10k 0805 1%,R3,R_0805_2012Metric,C17414
10k 0805 1%,R4,R_0805_2012Metric,C17414
Kyocera AVX TPSE477K010R0100 470uF/10V tantalum,C1,CP_EIA-7343-43_Kemet-X_HandSolder,C444831
100nF 50V X7R 0805,C2,C_0805_2012Metric,C49678
10uF 25V X5R 0805,C3,C_0805_2012Metric,C15850
